Id,Prediction
0,0.9802273846507354
1,0.9997576151323962
2,0.9993065572721216
3,1.4792431892796967e-06
4,0.25319008600932175
5,0.999808815911916
6,2.2498379830747692e-05
7,0.0006362420432396891
8,0.9995933452162794
9,0.9911569339805102
10,0.9962288349332918
11,0.7727113593508949
12,0.0002425363645866955
13,0.0008679413943531379
14,0.004163207505248452
15,0.9664305199881137
16,0.9942281287732816
17,0.0568403261008681
18,1.115441101441137e-05
19,0.5753250476088067
20,2.336088544731323e-05
21,0.048239606764680844
22,0.022689466518502302
23,0.9999933079372885
24,1.4769565896222918e-05
25,0.02575026746821494
26,0.994333899770006
27,0.39960055717395726
28,0.7584046922623164
29,0.9997351546886235
30,0.9982222193821327
31,0.9999438501561507
32,7.1212471342707945e-06
33,0.6176380100575799
34,0.9994056935276574
35,0.001583198064082313
36,0.9998833138165447
37,0.9999128955716508
38,0.9995684111327391
39,0.7912778001364524
40,0.9993703964307733
41,0.006953307028758763
42,0.0053321842491495285
43,0.00020849029045463108
44,0.0032941313607460407
45,0.0009436253056839082
46,0.617076984115981
47,0.8730838289767464
48,0.9999431922664463
49,0.999970998271876
50,0.9968408239202496
51,0.9999853152538217
52,0.9998496254912096
53,2.115573452819008e-05
54,0.9999807769809768
55,0.020066240579558654
56,0.9996424029131018
57,0.9595239904136759
58,0.9427019392825735
59,0.9966912547619755
60,1.7385959663260818e-06
61,0.0002836121025312332
62,0.9778265737240525
63,2.3406284454601623e-06
64,0.9926051979160425
65,0.9983263272763111
66,0.0003762820239101786
67,0.24840703571321013
68,0.8671573226304145
69,9.902725244367247e-08
70,8.435047209545685e-06
71,0.9930172882901951
72,0.9998335176069059
73,0.9999930609401463
74,0.999441592936346
75,0.9999312520932669
76,0.009195380961790406
77,3.308933133202023e-06
78,0.9999260060835512
79,0.9966770850768886
80,0.9997900225959341
81,7.631433169574546e-05
82,0.008465967249547944
83,0.9944460614962324
84,0.9986934812175768
85,0.006186281259809151
86,0.9999946036203554
87,0.000331944837948107
88,0.9999929488393496
89,0.9999798051429633
90,0.9973307657864064
91,0.0006309347236525786
92,3.508279513084836e-05
93,0.9998588151816045
94,0.9956431715481103
95,0.9440606257508348
96,1.0274612063911607e-05
97,0.9997406871435639
98,4.1459394024565814e-05
99,0.9999776478012307
100,0.0037280882027525023
101,0.9997006933188914
102,0.985869703735514
103,0.006239104664934213
104,0.9951581978640746
105,0.000325242250409041
106,0.0022286242241251544
107,0.9999987834656601
108,0.00017569196329192405
109,0.999998368608189
110,0.999961971123162
111,0.00016236127044874716
112,0.9999518755947713
113,0.030511147010046372
114,0.07254863485246638
115,0.00014563012739211866
116,0.035660160823491945
117,0.9997190910105717
118,0.9240176043972044
119,0.9994229530267084
120,0.04996689385439534
121,0.9999993995213874
122,1.0858707813234745e-06
123,0.9943060356826877
124,0.9999879213388433
125,0.9466277832476607
126,0.011426114111343885
127,8.014617040657458e-05
128,0.9981617549805976
129,0.9999625514960747
130,0.9999985702902979
131,2.2258554331972264e-05
132,0.05314505133940926
133,0.9743371516704682
134,0.0009519198581289506
135,0.018737725714259055
136,0.9922877338029991
137,0.0017087053280117573
138,0.9999103576414607
139,0.9988691051929328
140,0.8571391914518146
141,0.9999076807361387
142,0.9998724930648427
143,0.00030084055121082506
144,0.5504175029661711
145,0.0011437265195397592
146,0.9979513752855929
147,0.9784360079484882
148,0.016700002598146937
149,0.007170363222153339
150,0.9999960061448835
151,0.001632134597308955
152,0.9986111297282678
153,0.999025946315832
154,0.9977062512824814
155,3.129743129604186e-05
156,0.0002811147780407514
157,0.9996381799595339
158,0.999442092923196
159,0.00774117964480885
160,0.00021178183583479913
161,0.9999750408830775
162,0.9993746985146864
163,0.7632163251069934
164,0.953240752285981
165,0.9918052547340287
166,0.00553973659015067
167,0.9999994801650784
168,0.002705591998813637
169,0.9995044600410514
170,0.9950011547875995
171,3.888641107364734e-06
172,0.0036264558153952554
173,0.9982498882522453
174,0.9888772320771911
175,0.9999028034270196
176,0.9904848812642962
177,0.995386032795652
178,0.026624819650980274
179,2.4084429232619274e-07
180,0.999935326148084
181,0.997073613379726
182,0.0013679617412200194
183,0.008597553445064968
184,0.0013920774875478801
185,0.9943756734171357
186,0.021803519757384208
187,0.9996253802034498
188,7.751417453499905e-06
189,0.9999979032435963
190,0.804136525304863
191,0.16939432133137644
192,0.9997304735844253
193,0.999441276441069
194,0.00039449266211158147
195,0.0004032853012735292
196,0.002916495392894585
197,0.9834816633318113
198,0.9996414525635916
199,0.02637335675440316
200,1.0824798192426756e-05
201,0.000504158341426758
202,0.9994673102875317
203,0.024496239719266125
204,0.9989788023769435
205,0.2501317020570343
206,0.00690827795428107
207,0.9980048100577706
208,5.3338391314424376e-05
209,0.9999790220695924
210,0.0005705911450682746
211,1.583662536646667e-05
212,0.9993623848199615
213,0.9999694338450877
214,0.0130466548438752
215,0.9984511488612634
216,0.9994094825767598
217,0.8950224329839607
218,0.9939018777250573
219,0.9541944229901048
220,0.5887033116122926
221,0.0010277160868653141
222,6.985683810623271e-07
223,0.9997332459441555
224,0.04390726538309698
225,0.999521781376235
226,0.9993977650673672
227,5.7673596549881265e-05
228,0.9436615834347901
229,0.004371871596979738
230,0.3285552872518416
231,0.5141123402894986
232,0.004171849079140143
233,0.9970809789710868
234,9.054620066823537e-07
235,0.0004247740230005335
236,1.620682116728816e-06
237,1.7873773016698287e-05
238,0.015436795493437575
239,0.0031086954603470624
240,0.9999722944173705
241,0.9302622034617349
242,0.0001703661488270282
243,0.9999846640358456
244,0.9995434903647007
245,0.9777774144529814
246,0.8173202388091421
247,4.18290901444112e-05
248,0.9986375801414187
249,0.9982867650236873
250,2.575651387414835e-06
251,0.28847158628548225
252,0.9997242616095674
253,0.9781510369077967
254,0.0012256655614958257
255,0.0018629547139478457
256,0.01794937256859817
257,0.00027560199213079385
258,0.999986255680944
259,0.9997134979765914
260,0.9992055515068782
261,1.5324242121347566e-05
262,0.9995724103130844
263,0.99430403131229
264,4.849794565551227e-07
265,4.530374446485676e-05
266,0.008276213878484191
267,0.9998160002838713
268,0.0008283681448465703
269,0.00034258233719122044
270,4.891648503196386e-05
271,0.1355417915180891
272,0.9999881395981991
273,0.9613170456313311
274,0.9999741630014161
275,0.9999048812858091
276,0.006370878998197983
277,4.865766303708114e-06
278,0.9996394663580612
279,0.9976284150910841
280,0.07855840246031857
281,0.9998794373153258
282,0.9479762073376777
283,0.9999012527028923
284,0.9999941033876811
285,0.9972509322260248
286,0.9980698145813447
287,0.9816136766626041
288,0.9999059710930512
289,0.013792329897031367
290,0.9996663320414674
291,5.7569528699210893e-05
292,0.005326965642315699
293,7.791862444086696e-06
294,0.9999001402128279
295,1.4958766292900385e-06
296,0.9994592832617432
297,0.018747671353808695
298,0.9982260708324744
299,4.010628353991916e-05
300,2.5129579160445872e-05
301,0.9997403312573471
302,0.0025326296785273534
303,0.9992222271608837
304,0.9997934735289616
305,0.0018936897721525746
306,0.9995938028238914
307,0.00010475790008613808
308,3.5027541048980554e-06
309,0.8023481586403344
310,0.9990380629619021
311,0.9999702094199318
312,0.9142974681718867
313,0.002027196189375075
314,4.073450186311297e-05
315,0.9998989428325765
316,0.999995205079699
317,9.561921583644397e-11
318,0.9560532376765023
319,0.9995407779044446
320,0.999770614140309
321,0.9999377936700233
322,5.3638758225701194e-06
323,0.002015383650944211
324,0.9984388695863734
325,0.9961137292811388
326,0.2026717057211958
327,0.9999563572146362
328,0.04946663178257957
329,0.9999732576055993
330,0.9919260672371399
331,0.8642897200344255
332,0.9999714685951723
333,0.996159363872333
334,0.002077935813361222
335,5.9076646633517065e-05
336,0.00097474434125926
337,0.9998695105022504
338,0.07893710032733435
339,0.0001674285577930934
340,0.003511738770455467
341,0.016631290182722067
342,0.9944689786664218
343,0.9731882765843151
344,0.019794254209661383
345,0.9944328353452233
346,5.713284765583545e-06
347,0.9999337708199593
348,0.9922199806646774
349,0.9999213387498217
350,0.9689490948464285
351,0.9988919862879574
352,0.10208596481238687
353,0.9999935834290508
354,0.999032689639845
355,0.000813960706223354
356,0.9999773577601682
357,7.512870918655087e-06
358,1.368503858441506e-05
359,2.2551472767407073e-07
360,0.036542361955747386
361,0.024578875430575235
362,0.9984674704416364
363,0.00011355278950319706
364,0.9997345176389529
365,0.9940660267024122
366,0.9929328742705039
367,0.9898840806453633
368,0.9977201413976473
369,0.0001379162389672677
370,0.004378867937855314
371,2.0079638405652253e-08
372,0.9999649022497787
373,0.004313175766157288
374,0.9980118659400894
375,0.9934237216345084
376,0.0004923540259191136
377,0.9613485126420934
378,0.0001916312460208582
379,0.9990034593857502
380,0.9910215905524096
381,0.0006462435353486404
382,0.048860461216248235
383,0.9975863369251385
384,0.9903334101810942
385,0.9880265700986282
386,1.090755434364319e-05
387,1.9298538565310418e-05
388,6.115133704335732e-06
389,0.5744713835716782
390,0.9187116378213457
391,0.9992603046533
392,0.23212323235792154
393,0.015180142217083466
394,0.0030188657221331214
395,0.9980196237070423
396,0.00030757847369214034
397,1.451541903817474e-06
398,0.9986924481608453
399,0.08570961799434458
400,0.9999811197027002
401,0.9999675702048213
402,0.9746959973829638
403,0.013363558180847668
404,0.001795946350964827
405,0.011254076826047805
406,5.899529445988177e-07
407,0.07698057766647048
408,0.01759904622948725
409,0.9997426354602837
410,0.9999265286302117
411,0.9942026410995635
412,0.0012739614494511275
413,0.9786168914896498
414,0.00036267099331025945
415,0.00015315664818419566
416,7.011215997417834e-05
417,1.1904024613311089e-05
418,0.005661017517453462
419,0.5714148056077685
420,0.9999975691078595
421,0.00015555383080112636
422,0.9565525087805989
423,0.07086023571833366
424,0.9999844569776078
425,2.304499966836338e-07
426,0.9994640340481951
427,0.0050996811359880195
428,8.500018751914023e-06
429,0.783069746722602
430,0.9979140448613211
431,2.0955388269292705e-07
432,0.0012444386022663065
433,0.9991718515245388
434,0.00017838036766815879
435,4.433074424353019e-06
436,0.999921585844312
437,0.999950094926232
438,7.960339251834469e-07
439,0.983453045973443
440,0.9992482894988045
441,0.99601052776487
442,4.482361691297084e-05
443,0.002465968583042537
444,0.9999142306775628
445,0.00023154993465385475
446,0.9999961489571061
447,0.9999734700685589
448,0.9985130529548611
449,0.007914757878898435
450,0.010010984522895247
451,0.9934274675959514
452,2.4678514964561306e-05
453,0.00025441077676735264
454,0.000997514080620265
455,0.22908620176854827
456,0.0024411823375132353
457,1.477560766169609e-08
458,6.255624809516452e-06
459,0.0027174772348907356
460,0.998978696021643
461,0.003493893668904467
462,0.001001890647998391
463,0.9903494631822566
464,0.9925111523030268
465,1.3557871341414227e-06
466,0.7765016344430805
467,1.7501564681255859e-09
468,0.517932942592106
469,0.0026647784165508993
470,0.03984381322808544
471,0.9797658731644026
472,0.00017769707609613313
473,8.611555207980805e-06
474,0.9736469697568713
475,0.000399302147411066
476,0.0001744113527925195
477,0.04832357202138322
478,0.001351716546155769
479,3.440186194295711e-06
480,0.9999523345377831
481,0.9982301052588652
482,0.009355417729992889
483,0.9989176389433677
484,0.997332468704419
485,0.0003459550000560265
486,0.9895685342698024
487,0.18697778787121652
488,0.9992642021392452
489,7.273820746490691e-05
490,3.754028176413258e-05
491,0.0071601972265199825
492,0.003888346755945132
493,0.002420790681802584
494,0.9975609936876312
495,0.9999246302790188
496,0.9995894079463423
497,4.4350934457498896e-05
498,5.764510603598957e-05
499,0.14960876608757703
500,0.0025279622997310828
501,0.0016523058351500162
502,0.9998907480629139
503,0.009667592118190642
504,0.9905362765114912
505,0.9999979058093027
506,0.00016448612552274005
507,1.1435680947564553e-05
508,0.05085985343699059
509,8.302668048083458e-05
510,0.951179289249168
511,0.9763115864376806
512,0.003806714410136433
513,0.9793516172491057
514,0.999594917513081
515,0.9998684405135694
516,0.9438191372452459
517,0.9999597531615713
518,0.9998198691271653
519,0.9974763335565369
520,0.00036158921048725913
521,0.9996402067368301
522,0.3692051570211746
523,0.00012399541819497437
524,0.0079713969970686
525,5.474746392464482e-07
526,0.9911210544547123
527,0.0008466631111645933
528,3.539244216000243e-10
529,0.00021781197420433148
530,0.9982460263756779
531,0.9723480659255085
532,0.9999950985213646
533,0.9897197379180032
534,0.007742665183437608
535,0.00012088009509893157
536,0.9990744789420218
537,0.9908708587880454
538,0.9990942354825353
539,0.9385354452296286
540,0.9865178075489963
541,0.9104773292061635
542,0.9990530805363518
543,0.9996019607977523
544,1.4503256062489883e-05
545,3.18355535298496e-05
546,0.98285957843667
547,0.9999776174755259
548,0.9662583661237417
549,0.004807832238742051
550,0.9998242295392413
551,6.554664828418141e-05
552,0.9956676713727001
553,0.998837887891785
554,0.9552409195083205
555,0.9998649328524055
556,0.9882223844233913
557,0.00861394474893416
558,0.9995902686827283
559,0.7532998668220664
560,0.9999999050526097
561,0.0015048403129464363
562,4.328157841876332e-05
563,0.9664085709804964
564,0.9989751082269492
565,0.9955887345246809
566,0.0015902634922486897
567,0.9964044553654547
568,0.26996684899077356
569,0.9999804603709064
570,2.0790610758851738e-07
571,0.9990527752728076
572,0.9999843621572881
573,0.9997482499211022
574,0.858562174513864
575,0.9666935328063636
576,0.9976628173772991
577,0.00013996544577271226
578,0.996826448103647
579,0.5233281850707191
580,0.0010459221498477591
581,0.0005588262331974275
582,0.9985603334597005
583,0.9999786669230138
584,0.9997675172990571
585,0.9999957934080012
586,4.7056206331800744e-05
587,0.00012957151911293066
588,0.9969332239295129
589,0.00017130962442368086
590,0.9999964044735099
591,0.999013986589307
592,0.6338532778507574
593,0.9991462054234597
594,0.0020591623051420247
595,0.9993588620117859
596,0.9940029481285387
597,0.9979678992903155
598,0.003498657882765221
599,9.154229974674516e-05
600,0.015476588501016535
601,0.0010222076878542512
602,0.02332245055917141
603,0.9998991356821507
604,0.9998977678781094
605,0.9280038925005307
606,1.5718889609044244e-05
607,9.026164505789165e-07
608,2.1134824966550633e-06
609,3.2732775429072575e-07
610,0.000120877947167245
611,5.5662006821771924e-08
612,0.0001645066746444067
613,4.7996517270142936e-06
614,0.0004340836689468401
615,0.9996153469770351
616,0.00025793730678462404
617,1.5895406905307086e-05
618,0.0008048290735315548
619,0.9974090712953239
620,0.0024447656095838563
621,0.9671452962516286
622,0.19094325350299102
623,0.015891754582437134
624,0.0032295672111203578
625,0.9977985044827895
626,0.9998833996722757
627,0.9999527572449299
628,0.999994786813201
629,0.02486335749800246
630,0.9957670866411578
631,0.014183679031633003
632,0.8979132200939072
633,0.8753248425113703
634,0.09794051399289817
635,0.9992654372234806
636,0.998389143630397
637,0.9989901175095511
638,0.9993682341641669
639,1.932437060874087e-06
640,1.6715340937367208e-06
641,0.9988139441062344
642,0.9999686266456606
643,0.9999893401616435
644,0.18024846027349448
645,0.9988002713281392
646,0.0002710849971180707
647,0.999868659277359
648,7.92210141113875e-06
649,0.8981386566066316
650,3.2941775268499926e-05
651,2.509250833861481e-06
652,0.9986744279445848
653,0.9998143825716516
654,0.00011152799604208917
655,0.00020892364008444383
656,0.0007610462786578119
657,2.5171878925213056e-07
658,0.9993240266120718
659,0.9972097580465
660,0.8902908624650189
661,9.776293019125008e-07
662,0.9982273097014619
663,0.031499098773608174
664,0.037897260412227386
665,0.9988483300901457
666,0.18291787497037623
667,0.00042604975241681246
668,0.9995776624993555
669,0.9990160442420262
670,8.658422426003735e-05
671,0.002967333213660333
672,5.746787253273307e-05
673,0.9890663716404225
674,4.8587737022214164e-08
675,1.0294108145855768e-07
676,0.9888928770066333
677,2.062576657057344e-09
678,1.35472984525753e-07
679,0.07634009779155036
680,0.6336058819349758
681,0.9975275042638717
682,0.0004710889941586054
683,0.9994398448361907
684,0.00027828405290943216
685,0.9999599093988054
686,0.997844209628508
687,0.9995654056439873
688,0.9984372317133371
689,2.993307158932072e-05
690,0.9991560794920227
691,0.019058628516463696
692,0.9993675966876785
693,0.050227041096030774
694,5.858194419435137e-07
695,0.9999990020192254
696,0.9988136413672761
697,0.00556770534062039
698,0.9997092894846539
699,0.9951939020393982
700,0.9972400735724921
701,0.004023082170130927
702,0.02694470751432059
703,0.8284143614259132
704,0.9717402155005399
705,0.0013362316935559661
706,0.9983710605028098
707,0.9979431056394781
708,0.9996161051533197
709,0.9978339761570911
710,0.9999980731033328
711,0.002336584477450989
712,0.0017518575591136765
713,0.9992393084943854
714,0.0026547241007009196
715,0.9923231341547858
716,0.9710595028541962
717,0.9993461004484697
718,0.007823830727924402
719,0.00017882679096248218
720,0.9996944235328163
721,0.9997389911815717
722,0.004136887693601552
723,0.9997535561887192
724,9.350171192490685e-06
725,0.0009034291557066398
726,0.0002579755134014845
727,0.9925957235010934
728,0.006216513209826328
729,0.9421803300053994
730,7.98682034528772e-06
731,0.9998318578327301
732,0.9940023918204953
733,0.0031392486507385883
734,3.994732312837664e-06
735,0.9995008103555577
736,0.00014514407156784116
737,0.00010462952744250694
738,1.2460619468554917e-05
739,3.35669161347097e-05
740,1.2343656803982159e-05
741,0.9999435659536217
742,0.542570600473288
743,0.985758040865373
744,0.9995786752278474
745,0.00012469801046277094
746,4.936120074243209e-08
747,0.9997673429546734
748,0.9965633494196965
749,0.18153871490741955
750,0.0025385648445052497
751,3.4980385192235177e-07
752,0.9987395949447194
753,0.9999425121803469
754,2.4365265804593927e-06
755,0.9858376843921105
756,0.009115892239879932
757,0.9982780547351336
758,0.9991514418154618
759,0.030288230942059062
760,0.9995928635231096
761,0.5684183936023756
762,0.028305173806992837
763,0.002880158249396223
764,0.9990630587105185
765,0.00014999244507218925
766,2.6833691876652076e-05
767,0.00026078026409879297
768,0.9976625823566844
769,4.7087209509480014e-05
770,0.0004958408221038457
771,1.503461023865488e-05
772,0.029557292647547535
773,0.2882053416365863
774,0.9835962064034675
775,0.9999944342674
776,0.9996486677720882
777,0.0013729259714838954
778,0.9959092035231438
779,0.9831670682065164
780,0.024162644929152308
781,0.9999609989580387
782,0.04597730233171341
783,0.9659228469564721
784,0.9989615698426196
785,0.7052647672556106
786,1.60500763984587e-05
787,0.0033289583532960542
788,0.9976925130911544
789,0.0001044147242276629
790,0.9989343873936996
791,0.9983052729002563
792,0.07815265454149248
793,0.9999199537756428
794,3.5303772864925206e-05
795,0.0044813717329664
796,0.9991002755766338
797,3.2278623609484294e-05
798,8.402588754042145e-07
799,0.9946182736076925
800,0.9982650970592356
801,5.475374663625104e-07
802,0.0027864614012704887
803,0.5473794256068266
804,0.9935574255686007
805,0.4813090689634244
806,0.020511971217181124
807,0.01368931833340887
808,0.9989426436931558
809,0.999991192259191
810,0.9996063170223352
811,0.9998931918264973
812,2.7250925402190768e-05
813,0.05319173565215989
814,0.03886412736721372
815,2.478285590292748e-07
816,0.9857305219414264
817,0.9999899372767449
818,0.002117921747148886
819,0.007620164397713985
820,0.9998018704648066
821,0.9993520444122149
822,0.20248900530465586
823,3.444528104976919e-05
824,0.00023675834016247273
825,0.0007673537485997106
826,0.9999824313385222
827,0.9941747212861003
828,0.9719610842789209
829,1.3525368750177746e-08
830,0.0040963691722063576
831,0.8113408043985967
832,0.15794484678282733
833,0.9205854619869372
834,0.9989527722384539
835,0.998973804378633
836,0.9999956220182625
837,0.9917506773323495
838,1.8846035719461265e-05
839,0.005879385660949223
840,0.9999300736750689
841,2.776172241448568e-05
842,1.0123640137175148e-07
843,0.9999592123698154
844,0.9979637397607688
845,7.482601028493569e-06
846,2.8399103113042637e-05
847,0.987731923800182
848,0.02102936474843032
849,9.79062702978908e-08
850,0.04566456601507202
851,0.12724814414771565
852,0.9984090415218849
853,0.839278826682898
854,4.33381718633033e-06
855,1.0566332037413538e-06
856,0.13683951796938432
857,0.0005842122280464578
858,0.08201980526660652
859,0.9897487430662305
860,0.9959526654486052
861,0.9584973279841248
862,8.895583339193454e-05
863,0.0012729990520358287
864,0.01088032325291286
865,0.0001273575308409458
866,0.0030666675765078214
867,0.9992394409443083
868,0.04014447755668433
869,0.9964532612202105
870,0.158128578630309
871,0.9983326956230734
872,0.9999701510314865
873,0.9997653054829473
874,5.466322955265248e-06
875,1.6725668346300236e-07
876,0.999990779097158
877,0.9999304754742789
878,0.0004043633437107945
879,0.999850320604347
880,0.0027166850426726423
881,0.00021544064731026532
882,0.9999893913819851
883,0.9999996725176563
884,0.9953755709517188
885,0.9860995335958324
886,0.9999879755266052
887,0.0007895033540485357
888,0.9874414046233223
889,0.9981490717136512
890,0.9315375295406413
891,0.9999533092144893
892,9.395788768551315e-07
893,0.9998980258957756
894,0.44563496548532416
895,0.9941541258950466
896,0.330820940415161
897,3.758715851679325e-07
898,0.006013139642665104
899,0.0011697450016702464
900,0.9997359238355332
901,6.88109885116133e-05
902,0.9672231689760336
903,0.00025788655730535977
904,0.10186334204482134
905,0.9310309846813463
906,0.8873781401729238
907,0.32017140676049405
908,0.9987241421434585
909,7.918094125392124e-05
910,0.12064047516398418
911,0.9999649353782213
912,0.9994120272210864
913,0.00022457037031541085
914,0.00610080178559333
915,0.0006154555975187031
916,0.999680550813703
917,0.9858065512234561
918,2.1141533254219695e-05
919,0.9539690781723044
920,0.00011011477794996314
921,8.764658269711548e-06
922,0.9966932377004948
923,3.92057854049837e-07
924,0.9999712621299937
925,0.9999952910436948
926,0.9999948394691892
927,0.0587354178832102
928,0.8699043428076917
929,0.00011820565303378984
930,0.9998460949756927
931,0.00026937038289504537
932,6.943780962077433e-09
933,0.9971718643577224
934,1.1570394685589117e-07
935,0.0018552278444849994
936,0.9878287809533821
937,0.999998570505328
938,0.00476192272406874
939,0.9969148775932374
940,0.9984269434070757
941,0.9049817433683334
942,0.0229738744671144
943,0.9997276066343771
944,0.9997674338472863
945,0.9996337627421149
946,0.9850188535881346
947,0.0173834468137489
948,0.9881908592560037
949,0.9987524822219465
950,0.013281422996777821
951,0.9873063221226179
952,0.9894081846695474
953,0.9940042359892033
954,0.9989981202303712
955,0.009081347468406572
956,0.002124106160232557
957,0.9922280935750417
958,0.9954597330526243
959,0.9997251754396225
960,3.8923880650881215e-06
961,0.9996559444115362
962,0.9999291744995521
963,0.999572712532824
964,0.8361158393208096
965,0.003164410906509046
966,0.05897067062560155
967,0.0013281228259502747
968,0.0017392509838238133
969,0.3640718096100513
970,0.16325685108370655
971,0.9999536015897
972,4.341452334513731e-05
973,0.9570153249326782
974,9.218119334476504e-08
975,0.05142423627975129
976,7.439278018421342e-05
977,0.001052695088185075
978,0.018380763854549544
979,0.9963356549052046
980,0.9986176691173321
981,0.8737582528310693
982,0.9997917936086645
983,0.02419299028110249
984,0.0002825361836380754
985,0.9989396129757465
986,0.9590981517996264
987,0.25271020921707943
988,0.9482135718610766
989,0.9999966915243524
990,0.00017329978317471117
991,0.9999687135565124
992,0.9941966705664149
993,0.16845901161387095
994,0.9999983195693715
995,0.0015927959256549053
996,0.9942645050642672
997,0.00012528756185492448
998,0.9970708724635292
999,2.0951159328179935e-06
1000,0.0006069041584900309
1001,2.4406676625220853e-06
1002,4.934312069128695e-05
1003,0.7007022543793517
1004,0.7444874363869515
1005,0.4756503584070408
1006,0.0029499345779215886
1007,0.0003657297773590517
1008,0.9957915561047745
1009,0.18986249785490858
1010,0.00030004589781469426
1011,0.9991971578212091
1012,2.1871774316357334e-05
1013,2.259974928018116e-07
1014,0.008030545700083696
1015,0.0002792243997249223
1016,0.9999720747501231
1017,0.9987833581627487
1018,2.121117385816437e-05
1019,0.9984069966591478
1020,0.9982281206453166
1021,0.9999697577192165
1022,0.014963745465950997
1023,0.9999759170817855
1024,8.974244859407476e-09
1025,0.0013761723235809096
1026,5.077605221594201e-05
1027,0.004771381890689177
1028,0.9999457192698668
1029,9.500368291125376e-05
1030,0.013493856926532358
1031,0.0002382325954150271
1032,0.9975322786893117
1033,0.9973439732374036
1034,0.9980589514579514
1035,0.9677085877727779
1036,0.016041879337019643
1037,0.9988808191822939
1038,0.9942498173983625
1039,0.9929011252810416
1040,0.15364616342466159
1041,0.9993085078303362
1042,0.9817217136123962
1043,0.815039768287526
1044,0.998606788117313
1045,0.9876844036304482
1046,0.9983564259158794
1047,1.0513899667407273e-05
1048,0.0034936806440442085
1049,0.9977354606987913
1050,0.9948182336910879
1051,4.142907175746539e-06
1052,0.9153398642856082
1053,0.9961459212497618
1054,0.0027818995013382825
1055,0.002018761507932281
1056,0.9993399284564592
1057,0.982186693043577
1058,0.974204792830407
1059,0.9443122139762138
1060,0.9981529750172337
1061,0.005309876967535586
1062,0.9851142496643325
1063,0.008615391070796974
1064,0.0004128692821024197
1065,0.9933489903881512
1066,0.01693683747553501
1067,0.1464477986627132
1068,1.575969258534841e-05
1069,0.9757808082623279
1070,0.9845883194599294
1071,0.9959142462263723
1072,0.00016931518440962048
1073,0.9630574620222248
1074,0.010044405078545883
1075,0.9940114182030634
1076,0.03251528517304425
1077,0.997284765385363
1078,0.0003857290619307159
1079,0.9999980581313327
1080,6.520042977947623e-06
1081,0.9998481478834895
1082,0.999748554555681
1083,0.9997345548470518
1084,0.641476817692338
1085,0.9938939336106642
1086,1.3511146133438505e-05
1087,0.00017469080191689963
1088,0.9999987162363837
1089,8.750971838331203e-05
1090,0.904369472279916
1091,0.9943887916972796
1092,0.00014211750718886256
1093,7.465107966256849e-06
1094,4.0108132176391e-06
1095,0.13162959292556473
1096,0.9981556660820439
1097,0.019577011988161752
1098,0.9998074160865521
1099,0.864475794280058
1100,0.9902405515210841
1101,0.9988198330074499
1102,1.5161838569120162e-05
1103,0.0009884897695386558
1104,6.141630962274602e-05
1105,0.9942856100290937
1106,0.999999539161272
1107,0.6834041607239418
1108,0.0009552424363007534
1109,0.9998289825474435
1110,0.00011395433632021547
1111,2.4450486339112525e-05
1112,0.9994751118720934
1113,0.9895331027758647
1114,0.004267817611769531
1115,0.0018140416603474997
1116,0.00019328038845199487
1117,0.00016213343297182675
1118,0.9971911502721508
1119,0.9971392145850573
1120,0.7952035854124396
1121,0.00669586016883659
1122,0.9995781047358089
1123,1.838944199635549e-05
1124,0.006551808265051592
1125,0.008397148594083793
1126,0.999907246360853
1127,0.9899294563328513
1128,0.0005406713875591242
1129,0.9919030962560574
1130,0.9999504531371497
1131,3.15978522293865e-07
1132,0.00019610517372970675
1133,0.007322974261906845
1134,0.885355228753732
1135,7.358690123768314e-05
1136,0.9997662183181101
1137,0.9906958309782352
1138,0.9996050443356838
1139,0.8781385186831091
1140,0.00035905334534790426
1141,0.0012578791318744549
1142,0.9997159724076329
1143,0.999233059985702
1144,0.008714875116801593
1145,0.9980742358013905
1146,0.9997103510421158
1147,0.00427199819693318
1148,2.1588833191639565e-07
1149,0.9999721351186356
1150,0.9898310640866534
1151,0.9967069689864181
1152,0.9998356756971319
1153,0.9904184669094246
1154,0.9998933307403367
1155,0.3648345997318138
1156,0.9999997071012269
1157,0.9986868338408418
1158,0.00015454172811761173
1159,0.9999598519391999
1160,0.999977835551715
1161,0.5976532837222384
1162,0.9989030915365898
1163,0.9999966053286485
1164,1.7399990559170984e-07
1165,0.8815211892852313
1166,0.15711227319650126
1167,0.9990546256613878
1168,0.9991876751712228
1169,0.00439895727385241
1170,0.0003399389948576166
1171,0.004256406373504477
1172,0.9999910329494494
1173,0.0007084737770930057
1174,0.04890683902243777
1175,0.9999756318471097
1176,0.9342727980686047
1177,0.9998431351734536
1178,0.9918453261687982
1179,0.9999678489156937
1180,0.9878151420575659
1181,0.9998655323810685
1182,1.012687326839235e-06
1183,0.9996907501879201
1184,0.9999993223935926
1185,1.850782054214145e-05
1186,0.9995203993473922
1187,0.9915507184525435
1188,0.994607142641303
1189,0.01677854025846837
1190,4.725259396405429e-06
1191,0.00025036411426853023
1192,0.9986649506072787
1193,0.0038449719389569577
1194,3.879634000246838e-06
1195,0.004780364752568351
1196,0.9989680013664082
1197,0.999961182068824
1198,0.00044131358800470545
1199,0.9790864282426811
1200,0.9992660422803608
1201,0.9904346041853646
1202,1.2528978888430476e-05
1203,0.10451533148935652
1204,0.8952678683462065
1205,0.9995719191246335
1206,0.014293744442850548
1207,0.0011120180261179054
1208,0.9998809279600516
1209,0.9999826179539693
1210,0.06674717616987903
1211,0.006509376854267786
1212,0.00040246177515853795
1213,0.9987238733346263
1214,0.9999298607884566
1215,0.9987732270633696
1216,0.6702125908582751
1217,0.005593930300363908
1218,1.0509852977240291e-05
1219,0.9999504674448638
1220,0.02197734209356598
1221,9.95870675669556e-05
1222,0.999155341293858
1223,0.9999498762728605
1224,0.0010386935732187856
1225,3.2252972701840205e-05
1226,0.9999082250145467
1227,0.00024625580870788437
1228,0.0006503791600671789
1229,0.9999315443431244
1230,0.9997607115849475
1231,3.675452339601316e-07
1232,0.9910724855211028
1233,3.7779168121694907e-06
1234,0.9992444934086561
1235,3.096398085448058e-05
1236,0.9982513297739798
1237,0.993646078852622
1238,0.9981141842359209
1239,0.9993771163634944
1240,0.007822821869641648
1241,0.9969871301159152
1242,0.9999964003994177
1243,2.2672296577611007e-05
1244,0.0023305009723718828
1245,0.9573228944587813
1246,0.9999946491098559
1247,0.994480429476637
1248,0.9972635646872845
1249,0.9998622645207341
1250,0.9807708469641185
1251,0.2633144900168896
1252,0.0038722636835382914
1253,4.468550287490876e-06
1254,0.9961683939219648
1255,0.7903162840471506
1256,0.9947676201654755
1257,0.9989836798681216
1258,0.9952182237284382
1259,0.9999829444722472
1260,0.9600263450588834
1261,0.99999885161371
1262,0.9704067171862933
1263,0.0013161697859273315
1264,4.7891600189823716e-05
1265,0.9968620836738221
1266,0.07154274803657609
1267,0.9979504965189735
1268,5.831281104687811e-06
1269,3.048478622114081e-05
1270,0.12932212282132108
1271,0.994237568373559
1272,1.0514207513820986e-05
1273,4.500811624990014e-05
1274,2.1619176805385306e-06
1275,0.9971387107514832
1276,0.9991406860508616
1277,0.999942124407635
1278,0.9999866821916976
1279,0.003939483743152495
1280,3.1456009738844905e-06
1281,0.0484580479691167
1282,0.9999552052830732
1283,7.581587041886497e-05
1284,0.09611441460259448
1285,0.9999635862896106
1286,0.9995764984512775
1287,0.03220271773357516
1288,1.4918154048034267e-06
1289,0.0041033191220194885
1290,0.9999945460209386
1291,0.8875514661150635
1292,0.00010286689767247649
1293,0.9999718367635677
1294,0.9999976480161044
1295,0.9999787880626407
1296,0.9999434300063023
1297,0.000617631747908254
1298,0.9999117496580121
1299,0.9967837140665128
1300,0.9958906262957734
1301,0.02357109233549917
1302,0.980254046599834
1303,0.9999954171218964
1304,0.0011671145455631842
1305,0.02336095806043306
1306,0.19235609461900574
1307,0.002576988598872369
1308,0.001537794869978774
1309,0.9999435049122231
1310,0.9783744634700577
1311,0.9999512507442807
1312,0.0004176113933393327
1313,0.9362007683734709
1314,0.999930658957719
1315,2.2605628340238772e-05
1316,0.002152834763535768
1317,0.999880256010924
1318,0.013957725814980589
1319,0.9999516740335711
1320,0.001938442184284958
1321,0.14690369597580374
1322,0.0015326876444259792
1323,0.9921948289226344
1324,0.0007219274330455241
1325,0.9997840247803801
1326,0.05063670541659212
1327,2.752981607005091e-09
1328,0.0028271568191419578
1329,0.9999988173319923
1330,0.9542547154530151
1331,0.004590969070224215
1332,1.2607165565046902e-05
1333,0.007633929777219204
1334,0.0010104987547871751
1335,0.00031410795773288106
1336,0.10124171562247684
1337,0.0003533151697606086
1338,0.99569090752362
1339,0.9999350197085084
1340,0.0018361488036574701
1341,3.1482568529710053e-06
1342,0.9746329914767825
1343,0.9999962227578475
1344,0.01857415605270847
1345,4.897445036980306e-06
1346,0.9998986311763243
1347,0.9632136434402339
1348,2.8192830512190168e-08
1349,0.9959875016844623
1350,0.9991187576281457
1351,0.9998830990949444
1352,0.001008272547689648
1353,4.1187208960058516e-05
1354,1.0076002490175487e-06
1355,0.0017559318945480587
1356,0.9996726644862375
1357,2.2250443488842285e-06
1358,3.446278882332427e-07
1359,0.9982333449192311
1360,0.9995708884014219
1361,0.987945691042363
1362,0.9983172001752518
1363,0.000752422741506346
1364,0.00027056833503153735
1365,0.3529460808781014
1366,0.9999936359673636
1367,0.9988988182010534
1368,1.3789188637069301e-05
1369,2.6919411040006544e-06
1370,0.0005385831742245143
1371,0.0003305510124060688
1372,0.9999199597125025
1373,0.010137994253767242
1374,7.92424694078091e-05
1375,0.014615018340468513
1376,0.9967051079763779
1377,0.9999999213069015
1378,0.1500809680239514
1379,4.121242191550233e-06
1380,0.012623931677319816
1381,0.998181573630593
1382,0.9995121810764708
1383,0.9988595965756418
1384,0.00019901095061618002
1385,0.9998349571230463
1386,0.0008059337225854468
1387,0.004083448106054231
1388,6.838837730960112e-05
1389,0.000486153580714194
1390,0.0001614609252125567
1391,0.9921157156389618
1392,0.9998243739012189
1393,0.00017362101519556404
1394,0.977817453470852
1395,0.0059211396535810154
1396,0.9966882217111823
1397,0.9993979341413824
1398,0.9985950265790011
1399,0.9978131241223919
1400,7.83009614323549e-06
1401,0.9828568028840496
1402,0.9999443971391372
1403,0.9997241001209615
1404,4.147469426224478e-05
1405,0.9489885968894398
1406,0.996190950495733
1407,0.9996174327012398
1408,0.6572592402156786
1409,1.8232730313405248e-05
1410,0.03448708132238277
1411,0.9995078348415704
1412,0.9011025243653139
1413,0.9989159046158393
1414,0.025742916659130987
1415,0.0687649056916309
1416,0.9994386931459756
1417,0.9752928568009672
1418,0.3414359354825382
1419,0.9999037796237141
1420,0.0049401887276643176
1421,0.03042170205608047
1422,3.888363468531804e-05
1423,0.07002565641110245
1424,0.9997178765596456
1425,1.3406222348567862e-05
1426,0.9992426950713929
1427,0.9083739525411033
1428,5.042241813341327e-07
1429,0.9999815848628887
1430,4.3879999742480754e-05
1431,0.9904255204892591
1432,0.0037624757948326935
1433,0.9819334606998366
1434,0.0013799467328306028
1435,0.013152378304126964
1436,0.9979147818100238
1437,2.268510758669633e-05
1438,0.9972492013036479
1439,0.9999424444305238
1440,1.6238060691247078e-05
1441,0.9997923656491319
1442,0.0010017360862239367
1443,0.001754028836751585
1444,5.318500912394214e-06
1445,0.0890861597096377
1446,0.924062842058232
1447,0.019079218779912945
1448,1.8139157569199442e-06
1449,0.0003389935657562774
1450,0.991836149410882
1451,6.391573149659357e-06
1452,5.273234447245996e-06
1453,0.9967637348082817
1454,0.9979535065611976
1455,1.3805648969854836e-08
1456,0.017853918696800027
1457,1.692757233583863e-05
1458,1.6808978002975869e-09
1459,5.102110617898947e-07
1460,0.0009732406937919931
1461,3.3996492176797845e-08
1462,1.72920797411107e-05
1463,0.9907219532677429
1464,0.9999127846403966
1465,0.9987912256001563
1466,0.001122650133210814
1467,0.020156035826374274
1468,0.01935147416164121
1469,0.9825820880110022
1470,0.9998318205389888
1471,0.9960005801567929
1472,0.9999844477831803
1473,4.9540090250160904e-05
1474,0.9997385448549165
1475,0.9996935898560192
1476,5.173890682760696e-05
1477,0.00846253734908519
1478,7.9642234867495e-05
1479,0.9999172157683744
1480,0.9949172782612726
1481,0.9984153830211455
1482,0.023275417531833292
1483,0.9999733059789409
1484,0.03245243099667215
1485,0.00158758769329082
1486,0.9998884894753479
1487,0.27569946155626046
1488,0.9995047129776184
1489,0.0066558513130215045
1490,0.00011821629181110892
1491,0.015458166814046452
1492,0.9999773046471688
1493,0.9999558910903349
1494,0.0028807453553803177
1495,0.9995020946024312
1496,9.394190797527246e-06
1497,0.9993972661644468
1498,0.9993566937707964
1499,0.0059755176803506305
1500,0.9999962677037114
1501,0.0220350356590656
1502,0.9812435304884892
1503,0.002955347610465093
1504,0.9997400727019913
1505,0.0031185626196182075
1506,7.209614385395428e-07
1507,0.9503659608831153
1508,0.06238296256896436
1509,3.215690996831213e-06
1510,0.9991420420169574
1511,9.861990159430011e-05
1512,0.9994257344279337
1513,8.739777910953283e-07
1514,6.277084937336881e-07
1515,0.9814534891114269
1516,0.4103497957826755
1517,2.1683838937207164e-08
1518,0.602965520578657
1519,0.9999473942232184
1520,0.9999772363486293
1521,0.9887244477885402
1522,0.005826710731643928
1523,0.0007399351566593345
1524,0.9978940615725932
1525,0.9988290834785789
1526,0.953174106938232
1527,0.009292790133121835
1528,0.9992762636330481
1529,0.0007276280965251705
1530,0.9946323794296459
1531,0.004772455183036859
1532,0.02029269431599233
1533,2.7964982042531355e-05
1534,0.9985769889997324
1535,0.9911041411871897
1536,0.9999537702686917
1537,0.9997474669552541
1538,0.008584958870801516
1539,1.3016265486232301e-05
1540,0.9955877984983762
1541,0.00795358149294865
1542,0.012160399745467869
1543,0.11384773761611792
1544,0.9999714332406876
1545,0.9999766607785919
1546,0.9391448013048197
1547,0.0002477972667502847
1548,0.9995845116348409
1549,0.998961132493836
1550,0.999984841289431
1551,0.9998732323450262
1552,0.9951147268581744
1553,0.9476208005484908
1554,4.051375673872304e-06
1555,0.044619536629280025
1556,8.011624704705526e-05
1557,0.09488560222879938
1558,0.9997359682682041
1559,4.512707732507019e-05
1560,2.624664282717794e-07
1561,0.9982386961020729
1562,0.9989682906490601
1563,0.9812076832358017
1564,0.7125121339079421
1565,0.9754811021604572
1566,0.9878307446694324
1567,0.9985902009036727
1568,0.0007210381273124818
1569,0.14455524341405876
1570,0.993418560084783
1571,0.9998399753883619
1572,0.0007902149431454464
1573,0.1592503186267804
1574,8.335646037563259e-07
1575,0.9999892126461329
1576,8.181550775386458e-07
1577,0.9965254472201165
1578,0.9991741579523501
1579,0.000581923554784011
1580,0.06669683376225054
1581,0.9999673404991289
1582,0.0073022707043030296
1583,0.9974259042620666
1584,0.9734489714676489
1585,0.9588485336290314
1586,1.3265013796594625e-05
1587,0.006234483595414768
1588,0.9999632475171869
1589,0.9515969953133845
1590,0.9725812332745658
1591,0.733905049538992
1592,0.0004459940536837405
1593,0.9897018442609637
1594,3.60360639183695e-05
1595,0.006348838973347944
1596,0.0029995975972984304
1597,0.8796323246548855
1598,0.0006028626106980151
1599,0.0032653523761871426
1600,0.9905209565230667
1601,0.00373913507027249
1602,0.9968586943775476
1603,0.00042364879835231416
1604,0.03605449447468418
1605,0.9998851095117355
1606,0.0005100748239982542
1607,4.607726614163391e-06
1608,2.901063921781043e-05
1609,0.9997909072952508
1610,0.993518053546965
1611,0.9997916737883177
1612,4.5227217035666045e-06
1613,0.9993134657843895
1614,0.9989058158767692
1615,0.0011649453946568852
1616,0.19465677979165905
1617,0.011572376486358763
1618,0.0005093503001669784
1619,0.8618456410097217
1620,0.17653740445696586
1621,1.3213666995766983e-05
1622,0.7463831569307726
1623,0.9999994734601819
1624,0.9999999263393341
1625,4.2676349713981885e-07
1626,0.9926443028352512
1627,0.03938931578600829
1628,0.0004695388954896465
1629,0.9998626568872153
1630,0.9999965709181822
1631,0.9995105596918739
1632,0.0042637410324505125
1633,3.601888820918095e-05
1634,0.009016408086545136
1635,0.002489342851001511
1636,0.916095013789668
1637,0.8130633053802829
1638,0.9973276017990245
1639,0.9975015308108384
1640,0.9998788474641906
1641,0.0035721894614805104
1642,0.9160715353421067
1643,0.9985067778683251
1644,0.999553011109423
1645,1.5529276018797344e-06
1646,0.9703853359419996
1647,0.9999228742071198
1648,0.9999282137941603
1649,0.9999745642801211
1650,7.971392569958849e-05
1651,0.9984062325546486
1652,0.02456023755944621
1653,0.0321274559996187
1654,0.05002620956732753
1655,0.5865168036153373
1656,1.448747606876873e-06
1657,0.9999944602363312
1658,0.9995521994922032
1659,0.0005324663303779118
1660,0.894293218934008
1661,0.9964877896263404
1662,0.997648667323644
1663,1.3955554697741047e-05
1664,0.0014203968274702906
1665,0.0009214702031752888
1666,0.8880511762435046
1667,0.997830701876076
1668,0.006462081208970915
1669,0.001107676572383157
1670,8.755289482699749e-06
1671,0.999962002530163
1672,2.0130951817380728e-06
1673,0.9993678101464079
1674,0.9999744399112102
1675,0.030058061800895416
1676,7.51887255936878e-06
1677,0.9881340272979126
1678,0.98576468724297
1679,0.015765763524897933
1680,0.011457291305386356
1681,6.384482873397127e-08
1682,0.9930800976725148
1683,9.729768348519011e-06
1684,0.9986691910578591
1685,0.002356793285799884
1686,0.9998977719906773
1687,0.9866121929432671
1688,0.9897348325527233
1689,0.9994597900545993
1690,0.9988312263013539
1691,0.012924554343732743
1692,9.374359699599505e-07
1693,0.999986825477068
1694,0.00013293461631602824
1695,0.9918059060851867
1696,0.9967073153779447
1697,0.9606643520945137
1698,0.0011142777730908855
1699,0.016824572588361508
1700,0.9952779636719494
1701,0.9687454400076208
1702,2.294351770695827e-06
1703,0.9979161877461658
1704,0.9875227479959569
1705,2.508499754525134e-06
1706,0.996794147794567
1707,0.0005527559735163987
1708,0.8202459343013943
1709,0.9985075630486409
1710,0.9516184368922264
1711,0.9999958052572542
1712,0.05175630501841165
1713,0.00040307178602830474
1714,0.5980751990818396
1715,0.999257398075354
1716,0.00023725069290531838
1717,0.0002093676327922393
1718,5.191065746400357e-06
1719,3.203108454063336e-05
1720,0.9222699026483905
1721,0.000596446318967535
1722,0.9969778957386612
1723,0.9996057280541896
1724,0.999865596228806
1725,7.589316296507167e-05
1726,0.997373687710568
1727,0.9999800057991669
1728,0.003495738570798319
1729,0.003373673103352062
1730,0.9908921326667367
1731,0.9990264290661124
1732,0.9999467245739201
1733,1.6364463590975873e-06
1734,0.0015832896355622808
1735,0.9999141724692032
1736,0.32158452844942126
1737,0.22782345936947754
1738,0.04640966482279126
1739,0.9991868868839116
1740,0.9999939955191945
1741,0.566674523227487
1742,0.9999971320367704
1743,0.00022727314860740094
1744,0.00018743653535880573
1745,0.9953965145517784
1746,0.9997767539783592
1747,0.7081663661922118
1748,0.00011208416358265204
1749,0.9290186389855178
1750,0.9968671155979458
1751,0.0015054449198508906
1752,0.9605216011606746
1753,0.0001017134017261905
1754,0.0014341485867620583
1755,0.9992627908997077
1756,0.9997983623138148
1757,0.0008496849900607098
1758,0.9833624525652523
1759,0.00401025470866322
1760,0.9772676075538466
1761,0.002066522586699582
1762,0.00021088068338916558
1763,0.9995496431134527
1764,0.9984941036474809
1765,0.9999656820928992
1766,0.99998086055127
1767,0.0001683342319588401
1768,0.00026021748279326373
1769,0.9990277760759102
1770,0.004897811768943816
1771,0.8918598906190882
1772,0.9999515590765563
1773,0.0034518074988049417
1774,1.597887046295244e-05
1775,0.420393268422729
1776,0.9589025136758811
1777,1.16880982010709e-05
1778,0.001745312948589624
1779,1.2046490667860363e-05
1780,1.9476265463013135e-06
1781,0.009665598714146096
1782,1.2706669847901207e-05
1783,0.0952780289500603
1784,0.003554582258351119
1785,0.00022126920451205986
1786,1.678998048646174e-05
1787,0.9992678724710691
1788,0.000612751131078484
1789,0.9999978045390062
1790,0.9384737450992233
1791,0.0005207902716965758
1792,0.9983430029336746
1793,0.9935531019555222
1794,0.9999168168039433
1795,0.9996150790706524
1796,0.00017798276069303092
1797,1.1155318882290326e-07
1798,0.011626599851995711
1799,0.8518436749779063
1800,9.268328687157743e-05
1801,0.9984235459835205
1802,0.9999988671515913
1803,1.0522923882184384e-05
1804,0.0017816842022767131
1805,0.0447082196629821
1806,0.0013901320954322525
1807,0.9997580357564579
1808,8.01290507725249e-06
1809,0.0007081059914984148
1810,0.002062269255564553
1811,3.7433924898911506e-05
1812,0.9999282018050016
1813,0.0011672098643366025
1814,3.677151196403066e-06
1815,0.002499287395706327
1816,0.007749473975018575
1817,0.8501991088193187
1818,0.9998937579472279
1819,0.999763483758687
1820,5.743940720978681e-07
1821,0.9996961009284694
1822,0.9957600393343655
1823,0.09517822417785543
1824,0.00048448374708739576
1825,5.471684502697883e-05
1826,0.027838595358875916
1827,1.2810810003589525e-06
1828,0.0019295021335803061
1829,0.9981239674455519
1830,0.9275007487051682
1831,0.9892074681752953
1832,0.9999807430347729
1833,0.9742800263046147
1834,0.9763740070972585
1835,0.9714208428544591
1836,3.255809313094306e-07
1837,0.0010427876872221309
1838,1.6012489819245557e-06
1839,2.2913182385383262e-08
1840,7.714213963280058e-07
1841,0.00017899325744640766
1842,0.9999554678501337
1843,0.8187046969120761
1844,0.9940496854717128
1845,0.042429146417916605
1846,1.200273427352141e-06
1847,0.9986786839431367
1848,5.859881048660478e-06
1849,0.9051845157170396
1850,0.9989868136580017
1851,0.9996894287990595
1852,3.288300058781788e-05
1853,0.9044958496169837
1854,3.473109429334283e-08
1855,0.9983924737650905
1856,0.040657511375922
1857,0.0003254424065692082
1858,0.9963497788746679
1859,0.0025310268421927466
1860,0.017718205068747217
1861,0.9994642717216721
1862,0.014993520348116055
1863,0.4815686643266199
1864,5.457490440270118e-06
1865,0.04619700589697861
1866,0.9020150920883061
1867,0.9269191656006496
1868,0.003275280914127644
1869,0.9998883366869066
1870,0.01936107607088005
1871,0.9997870676652088
1872,0.0029952402666429093
1873,0.0006468145730084078
1874,0.001691031369777064
1875,0.987715226572781
1876,0.00037877727692171094
1877,0.005964793261091061
1878,4.263920086880542e-07
1879,0.016724909860961742
1880,0.13291685732896288
1881,0.9988850240122561
1882,0.00816252924301703
1883,0.002104217201463407
1884,0.0006468765830839086
1885,0.06461843246526847
1886,0.994710151022385
1887,0.0002895923268673613
1888,4.0441959385185e-05
1889,0.5105228538941482
1890,0.9995973090173925
1891,3.15388780982196e-05
1892,0.9997044055175691
1893,0.1762333799174816
1894,0.9990699598877287
1895,4.901829111804748e-08
1896,5.9884210515758394e-05
1897,0.9993259159568529
1898,0.9999862326007474
1899,0.9982197275048132
1900,0.9723265563980019
1901,0.994272183406659
1902,0.9999586302488817
1903,0.9999979599611022
1904,0.8652072214793387
1905,0.9929644197720849
1906,8.82315364949002e-05
1907,0.4075751831992407
1908,0.9851723498508753
1909,0.9978418154100432
1910,0.0009790732073106034
1911,0.0033284474680654206
1912,0.01855311962473129
1913,0.9984673152096923
1914,0.9999361119967155
1915,0.0014591185836915369
1916,0.9963749755718752
1917,0.0029115345146382317
1918,0.0028990964885133694
1919,0.050808511633945896
1920,0.9999616837736084
1921,0.9999925748875457
1922,0.9618800319295383
1923,6.016912692694746e-07
1924,0.04042284248188017
1925,0.00030285822363971827
1926,0.9996410250631994
1927,0.9999833305866301
1928,0.0020372065948077445
1929,0.041039955738514496
1930,0.0011036682188353165
1931,5.455380523909041e-08
1932,0.00016427698280706559
1933,0.9991537551576065
1934,0.01078820743311497
1935,0.003373147450188602
1936,0.7977698749182696
1937,5.961067561265608e-05
1938,0.0016029584682755987
1939,0.14847186187622227
1940,0.9990880729263921
1941,0.9988680842538119
1942,0.9996872820253913
1943,0.9981019313470351
1944,0.9967189696965582
1945,0.9999980334204773
1946,0.9964034370795796
1947,8.872221110933793e-08
1948,0.7548884673010612
1949,0.9997723267414802
1950,0.9361430930524814
1951,0.9999555914884133
1952,0.9999368706930296
1953,0.9994391792388749
1954,3.0990359902375514e-05
1955,0.9999752439519074
1956,0.0013024368073244943
1957,0.9029742674807857
1958,0.2085956255856818
1959,0.00043768448249238885
1960,0.045876154247114755
1961,0.009217177999846636
1962,0.002012430422736909
1963,0.998511022763245
1964,0.9999815030392589
1965,0.07969551721150592
1966,0.009322238598152776
1967,0.009134551076277942
1968,0.9993891297444615
1969,9.2403263943948e-07
1970,4.874752207494713e-05
1971,0.9311556533861673
1972,0.00011818928858554981
1973,2.7304357606814215e-05
1974,0.0241444266619874
1975,0.07307608095120875
1976,0.0031433761496657375
1977,0.7983623112131717
1978,0.013824437678722391
1979,0.4720912345176537
1980,0.828270943054235
1981,3.3893596541339705e-05
1982,4.998799599941128e-06
1983,1.3249417480817033e-05
1984,2.3680480501109525e-07
1985,3.2985877549053876e-08
1986,0.00017202825697538285
1987,2.9710115390233765e-06
1988,6.07387326050141e-05
1989,0.00014016945101310964
1990,0.01387332105596829
1991,0.9994787982822695
1992,0.9998508656321804
1993,0.9999637282035467
1994,0.0029402580154049827
1995,0.9706494855271217
1996,8.16962218341653e-05
1997,0.0012826397229149147
1998,0.008489322330409818
1999,0.9986014841597811
2000,0.999998956580006
2001,0.007108311726138508
2002,0.9916951330541399
2003,1.6011642110342642e-05
2004,0.9999969289067648
2005,0.9996371424100744
2006,0.9655717969511178
2007,0.08759160064039268
2008,1.0111509326574006e-05
2009,0.0014273561986395912
2010,0.0002343334132964827
2011,0.9993107162421005
2012,0.23638281738454017
2013,0.9978760286010547
2014,0.9991159501826122
2015,0.9878759312920682
2016,0.0011899985796626402
2017,2.3797281923172147e-06
2018,0.996185045636176
2019,0.9953368208788889
2020,0.0017530285769812193
2021,0.86607895724831
2022,4.526594147328649e-05
2023,0.9984934026607251
2024,0.07236610438681745
2025,0.9997946925848898
2026,0.9986177931604242
2027,0.7697580314215685
2028,1.5585452342080444e-06
2029,0.9990828461104254
2030,0.9885712520562786
2031,0.14312832233198347
2032,0.999064883247066
2033,0.995113066389143
2034,1.5526562495620354e-05
2035,4.7235055664976444e-05
2036,0.9285707413172894
2037,0.9935882243860097
2038,0.9982613387674165
2039,0.0048346026665112415
2040,0.0017683558948150104
2041,0.9972892559419251
2042,0.9999226795607113
2043,1.4628462577437253e-08
2044,0.999446962915735
2045,2.9235951429805664e-07
2046,4.242916367700022e-06
2047,0.007474453001150295
2048,0.8029636346951567
2049,0.9997378929029865
2050,0.00018380753282407826
2051,0.00020947992061532835
2052,0.008347194126305283
2053,4.675139513631044e-05
2054,0.00019643512796335504
2055,0.00028671642845602723
2056,8.852354119028599e-08
2057,0.9799638246587224
2058,1.4058929463342557e-06
2059,0.9998906230479786
2060,0.009757537206498256
2061,0.9979041534114013
2062,0.9999904483213533
2063,5.201226738695666e-06
2064,0.010217933083923485
2065,0.9664371254583092
2066,0.0013645991575500867
2067,0.9994195124769114
2068,0.9997592452692335
2069,0.00010220974107965144
2070,0.9836209295910867
2071,0.19210360739739654
2072,0.45907146478643457
2073,0.00307516157891047
2074,0.7415706723289928
2075,0.9998067756313235
2076,0.0004389850638509354
2077,0.951011675803586
2078,0.9996679175990973
2079,0.04200204184547753
2080,0.003243762653773752
2081,0.00287614574433351
2082,7.147537417057153e-06
2083,0.9926911288006353
2084,0.9998007703815677
2085,4.6798842176033604e-05
2086,0.0004225828670174214
2087,0.9308983254245361
2088,0.9999597550337206
2089,2.992681457757156e-07
2090,0.9997965838258187
2091,0.9957950927976815
2092,0.9885652441151519
2093,0.30763638524906023
2094,0.02127287920276242
2095,0.9968172743329111
2096,0.5835009005389679
2097,1.561212127566482e-05
2098,0.9985466427464779
2099,0.12376812882346624
2100,0.9960433541264115
2101,0.0013380577470134892
2102,0.999990946967204
2103,0.0029507106541786544
2104,0.10059517143892906
2105,0.09676586714452613
2106,0.9592048775254292
2107,0.9988082969277587
2108,0.9999947486643775
2109,0.9961810257259612
2110,2.853826217459663e-05
2111,0.034563077589598624
2112,0.9998417907492938
2113,0.014661187125511625
2114,0.9570888338313093
2115,2.1854027830124162e-05
2116,5.081566830957776e-05
2117,3.642202834018055e-05
2118,0.00012999720440550112
2119,0.9999311420601052
2120,0.00013660230637100944
2121,0.0014563665722697738
2122,0.9998786215542164
2123,0.9992777008017264
2124,0.7149741834047175
2125,9.855053032223217e-05
2126,0.01197260120911068
2127,8.839599295836196e-08
2128,0.024651158944939227
2129,1.951356771173848e-05
2130,0.07284934111620794
2131,0.8118623666866196
2132,0.001552361698001297
2133,0.9999669734513393
2134,0.9997983117765359
2135,0.0014847626075435872
2136,0.9988726137304031
2137,0.9998487039879321
2138,0.9866127645456325
2139,0.9999351791785168
2140,0.9890695616082832
2141,0.9988732416426495
2142,0.978555896243537
2143,0.003899574790129444
2144,0.9986162373491352
2145,0.9369327817582699
2146,0.91631021946285
2147,0.0139538305832782
2148,0.9982904487074196
2149,2.9216643567386316e-05
2150,0.9999287426763259
2151,0.999597622881469
2152,0.9940129273097196
2153,0.48823917728807975
2154,0.9999879729577942
2155,0.004314662706964084
2156,0.007122466271073512
2157,1.894808384339488e-06
2158,2.0757773295370442e-06
2159,0.011159971030337909
2160,0.9176989811253733
2161,0.08361402824808474
2162,0.9999868874292632
2163,0.9994921981824652
2164,0.9997726687447712
2165,0.9989141798216793
2166,0.9993045744103656
2167,0.9999934066640856
2168,0.0020295760313817804
2169,6.842640885360541e-11
2170,0.0026095931526304325
2171,0.9986263064389628
2172,0.9999980519166559
2173,0.004428795265307973
2174,0.999996365763074
2175,3.0184611231435912e-06
2176,0.9654321442362732
2177,0.011776587036852401
2178,1.751255881691704e-05
2179,0.9996166284481379
2180,0.9999277601108894
2181,0.04244565977043139
2182,0.9195492632969252
2183,0.007835705555190043
2184,0.9990762889331921
2185,0.004032388123250124
2186,5.278754894538372e-11
2187,0.999645354864714
2188,0.9982140192179421
2189,0.9314882686792105
2190,0.9762054816708683
2191,0.8379286153584561
2192,0.9998026756924693
2193,1.8831905956954388e-07
2194,0.9994950727072472
2195,0.0018874009490092104
2196,0.18252729218328537
2197,0.8592277618568447
2198,0.9997912090105643
2199,7.939625387629588e-06
2200,0.9983753439525568
2201,0.9996546208139708
2202,0.9999198391038373
2203,3.600286335199764e-05
2204,0.002838110787360429
2205,0.9999305537523383
2206,0.9999371961506461
2207,0.0040905734826561825
2208,0.999682748510861
2209,0.9996312980244013
2210,0.00017455392031667143
2211,7.733502492922029e-05
2212,0.9989665454899205
2213,0.02034754951576818
2214,0.0015729131421062209
2215,0.7786918865012737
2216,0.9997637957406651
2217,0.9897794721259978
2218,0.9254125382099142
2219,0.4545313177088994
2220,0.9631492654091608
2221,0.7564774795009749
2222,0.9999862542807482
2223,0.9998384697508322
2224,5.408858580285594e-05
2225,0.9962052118793864
2226,0.9999171973291451
2227,0.9998119719720813
2228,0.996607730918142
2229,0.9988951890998604
2230,2.040244534808705e-05
2231,0.002537798629057664
2232,0.20162082624401026
2233,0.038418818560321776
2234,0.09444034202129124
2235,0.998071903706303
2236,0.9769262779061854
2237,2.8523691801372367e-05
2238,0.9953598902538492
2239,0.003965073902780834
2240,0.9997233156738676
2241,0.9999996881972928
2242,0.9987459537084523
2243,0.00023022778246350583
2244,0.9999713597492063
2245,0.00019607368325890717
2246,5.794859948115448e-05
2247,0.9999765243012455
2248,0.0002127019196754445
2249,7.009770931677586e-05
2250,9.668438638510673e-05
2251,0.9997779853906464
2252,0.9964433897246743
2253,0.011613311418848637
2254,1.7647873245523407e-05
2255,0.9998720679060117
2256,0.999654200018088
2257,0.32255839132637826
2258,0.9926129609777772
2259,0.0052649894129449286
2260,0.9999951332052218
2261,0.0020174279835291093
2262,0.0002938574757452192
2263,0.9820873717351629
2264,0.9972444088932577
2265,0.994633417444533
2266,0.00010010816769629866
2267,0.5616430513457167
2268,0.8873867150397867
2269,0.9998792708617028
2270,6.416028286258759e-07
2271,0.30759508205775266
2272,0.007397467675718523
2273,0.5053233627702917
2274,0.00020803172450428368
2275,0.9986068230331555
2276,7.022092779758284e-05
2277,0.1351712446295046
2278,5.379820750620667e-07
2279,0.9869235546050974
2280,0.9871710235758588
2281,2.4012764776436044e-05
2282,0.00014860797786267875
2283,0.01265952150025841
2284,0.0002893901924176754
2285,0.01001274613856591
2286,0.9999957306127002
2287,0.9964259533652121
2288,0.32769842531502885
2289,0.9999830545314338
2290,0.0002782347399636525
2291,0.9996350341443297
2292,0.9985010157657044
2293,0.9974853972420343
2294,0.0015351281400780902
2295,0.9920392691356678
2296,2.0120611454858447e-08
2297,0.9990471334425842
2298,0.013431578031312768
2299,0.01028514019793701
2300,0.4321769018586914
2301,0.9999747891430231
2302,0.7853804646898207
2303,0.9999942874634107
2304,0.0002280306456183259
2305,0.7787289452691699
2306,0.9999767047409341
2307,0.004675898296043149
2308,0.0016700155319255099
2309,0.989147845343696
2310,0.000483361879924759
2311,0.8875053556520817
2312,0.9923059689496301
2313,0.9997414503413896
2314,0.9754366677568008
2315,0.00030296753236553004
2316,0.006438583981773371
2317,0.9999665342985679
2318,0.9869516690501698
2319,0.25985917601135633
2320,6.057641209329615e-05
2321,0.9889411128512402
2322,0.011369820204971836
2323,0.00030783574715993024
2324,0.013530369628171198
2325,0.0005711939970355226
2326,0.9251572755567724
2327,7.091869382070671e-06
2328,0.8459740070651022
2329,0.0002525952877897676
2330,0.999984896350414
2331,0.9999014389806745
2332,0.9995703231228803
2333,0.006817903999100415
2334,0.990050074814749
2335,0.9986428180726172
2336,0.9995598318310851
2337,5.312115514653543e-05
2338,0.9999435817991033
2339,1.3757879244122925e-05
2340,0.0007573295722971609
2341,0.01843169836651875
2342,0.0003311968697752418
2343,0.9991292103452709
2344,0.9960921916791103
2345,0.9995914504628828
2346,0.058016131626397315
2347,0.9799123353149783
2348,0.999878850537163
2349,0.00012016988356100989
2350,0.9827490258663227
2351,0.9998687058363033
2352,8.255581041563218e-07
2353,0.9999473734516728
2354,0.0006435909835483877
2355,0.021354320445697916
2356,0.0002283899514392519
2357,0.9042844702952039
2358,0.09270960342548609
2359,1.6933516173353668e-07
2360,0.9999325570994954
2361,0.9928751925450279
2362,6.603970352515522e-08
2363,0.0009047983645985266
2364,0.9905067909138775
2365,0.0030539702044571214
2366,0.05639962038149216
2367,0.9945255991271363
2368,0.9986153019618584
2369,0.11917563932893874
2370,0.9852142955727156
2371,0.9459705744551848
2372,0.9999784950662322
2373,0.003685445819179129
2374,0.0012618354652184725
2375,0.9977911235223225
2376,0.013588672300440183
2377,0.9420441216598745
2378,0.9999964721170207
2379,0.0023897156094213542
2380,0.008269258009421444
2381,0.9996782373547485
2382,0.9984931848417863
2383,0.9998226025981578
2384,0.00036004862997638423
2385,0.9733813039850989
2386,0.0006018908228846276
2387,0.9999643907377385
2388,0.9992700712756037
2389,0.022959885496730104
2390,1.2981715876729923e-06
2391,0.2210787997356663
2392,0.002566804875562378
2393,0.9987725619521355
2394,0.9986434005847551
2395,0.001500853708649656
2396,0.7557268917115016
2397,0.9999955365067116
2398,0.9996696946910478
2399,0.9960920750136826
2400,0.0017297531770562383
2401,0.0002339660500704718
2402,0.9999575755305079
2403,0.004269591945555708
2404,0.998857308303045
2405,0.9999512382123374
2406,0.9999877217313874
2407,0.999989804396621
2408,0.9997679659958918
2409,0.05061158625568682
2410,0.9999879664986836
2411,7.144762661526644e-06
2412,0.005645936418358576
2413,0.9999988035475669
2414,0.00020267762030034436
2415,0.9960666159082022
2416,0.0034790210782655122
2417,0.7439640369903487
2418,0.08500167372660343
2419,2.8982223825177257e-06
2420,0.9995246491539215
2421,0.008372496288095001
2422,0.0002224548673052901
2423,0.9999552997478713
2424,0.00034595198062838703
2425,0.001653494059797707
2426,0.967994161855268
2427,1.2515350711239497e-05
2428,3.6975488396336175e-05
2429,0.9943975210947655
2430,0.0002751540453270663
2431,0.999717096823975
2432,0.9997818884662983
2433,0.0038867058686481073
2434,0.9898986023484143
2435,0.9995204211593817
2436,0.02994777266974311
2437,0.9999975622222084
2438,0.9999128167513196
2439,0.9999008480214145
2440,0.9999378453129232
2441,0.9992052900646805
2442,0.9470146987646614
2443,0.00088110083513402
2444,0.9999913354405514
2445,2.658107527430761e-07
2446,0.0013403552036244787
2447,0.9999472856670338
2448,0.9838114565539994
2449,0.9872607958951009
2450,1.4147685944319017e-05
2451,0.0031605158967841994
2452,0.00030032326923655565
2453,0.995060221202568
2454,0.0008844584371209505
2455,0.001482670863560992
2456,0.8832358131630978
2457,0.999959548580383
2458,0.731280449497148
2459,0.19991197308866268
2460,5.173204794399924e-06
2461,0.9995004513572353
2462,0.9951953600166357
2463,0.9998187247014512
2464,0.9918220646469521
2465,0.9968609707051596
2466,6.442131415342398e-05
2467,0.04468069790332829
2468,0.9255091088458864
2469,6.694762325726234e-06
2470,0.8908988066364165
2471,0.9999782159043723
2472,0.9910190285521872
2473,8.280349446929066e-08
2474,0.9999508526624237
2475,0.46620708327638755
2476,0.05343721202250644
2477,0.9912645065824041
2478,0.9996176404607758
2479,0.9832696342301958
2480,0.0009692954992161007
2481,1.9673735833584364e-06
2482,0.9996315908469721
2483,0.9958304740197947
2484,1.752414633052585e-06
2485,0.8024804932102516
2486,0.9999471263382781
2487,0.999781810436503
2488,0.0005271306547627699
2489,9.469386838746973e-05
2490,0.9996889487643781
2491,0.9998482312623558
2492,0.0005631096251991108
2493,0.9981439622269739
2494,0.9999318837023166
2495,0.9409953309415567
2496,0.9984938152268021
2497,0.9647303885426894
2498,0.0030321597524515928
2499,0.0010707597217193667
2500,0.014050367946987491
2501,0.9884094274767871
2502,0.9999713386042445
2503,0.9718544243027106
2504,0.9974708322950612
2505,0.9999999507360215
2506,0.9993500127338036
2507,0.03645503718419529
2508,9.105745012950082e-05
2509,0.011026588341097068
2510,0.9999325438942441
2511,0.9986536668435323
2512,0.9842594217386523
2513,0.004893164792149658
2514,0.9995385493254497
2515,8.682659278739091e-05
2516,9.633071370686768e-06
2517,0.9622869739374447
2518,0.9895997625614225
2519,0.00012231837599296276
2520,0.999930471248401
2521,0.9978465283018405
2522,1.5035352110236013e-07
2523,0.9997786987283943
2524,0.0004868539023415233
2525,0.0001429573634570503
2526,0.9999912494378853
2527,0.005665303377119063
2528,0.9781788820329446
2529,0.9998446330572717
2530,0.9955644213296977
2531,0.00073776192186286
2532,0.999414823200807
2533,0.999999570012566
2534,0.9991903109280091
2535,0.9864247197483716
2536,0.9993959625895065
2537,0.0005684561437268724
2538,0.9999583320717346
2539,0.006523741237199712
2540,0.9996321551930407
2541,0.9975386106393404
2542,0.9966146472771354
2543,0.01899847578769007
2544,0.0008024248635698162
2545,0.9999987693210373
2546,0.5618249755014796
2547,0.028717962902494003
2548,0.0012346079432680886
2549,0.9832540731379786
2550,0.003697007834527754
2551,0.9151716504103082
2552,0.0017172399104692603
2553,0.995682952186046
2554,1.2889826603517728e-05
2555,0.9939178779559007
2556,1.1015360286890153e-05
2557,0.00046415234828682615
2558,0.13845916259452096
2559,0.9953724119238766
2560,1.7526397758136318e-05
2561,0.0014694691080502566
2562,0.9995009465675573
2563,0.030949019616503627
2564,0.9999823914942675
2565,8.829593453119084e-06
2566,0.9874285606049372
2567,5.065134728117559e-06
2568,4.372804219415957e-05
2569,0.9933409521052845
2570,8.904197322564248e-06
2571,2.807530465377506e-05
2572,0.0010097902424119189
2573,0.9999960270932651
2574,0.8262520771471134
2575,0.06124300810824577
2576,0.9985626590598998
2577,0.9975943083483164
2578,0.9487778754511628
2579,0.004647355732109258
2580,0.03996503805181841
2581,0.01790640809076323
2582,0.9992962977860589
2583,0.9989650181501052
2584,0.00021164901957538372
2585,0.9930777440052967
2586,0.998476319363575
2587,0.008089695578083535
2588,0.9988310043681152
2589,0.9964476242866392
2590,1.5767585844174543e-05
2591,0.9971194465143457
2592,0.9988371720891499
2593,0.9991970050050106
2594,0.999975435228255
2595,0.9998427403406351
2596,0.9977096425520807
2597,0.37648472671973815
2598,0.998583452294098
2599,0.9996996987776855
2600,0.9837431730088274
2601,5.19561449486927e-05
2602,0.9998604655567414
2603,0.2631683356464465
2604,0.9987432880198259
2605,0.7174453018230853
2606,2.9939029813740224e-05
2607,0.9881007981274558
2608,0.037950245027834256
2609,7.788642263725266e-07
2610,0.9999812311302165
2611,0.9999825762223676
2612,0.004929274572698771
2613,0.9999939964007503
2614,0.00021858673121321996
2615,0.9993959861003139
2616,0.9998360147999309
2617,0.00038936435152452743
2618,0.9987909385384734
2619,0.3942610698119366
2620,0.9893695403841091
2621,0.9999559708741883
2622,0.0002926826375072456
2623,0.9999337286755872
2624,0.0014696397855937459
2625,0.9999805310160156
2626,0.001321742840705126
2627,0.9986854738744344
2628,0.9997592388971707
2629,0.0011101369380088731
2630,0.9996421326215532
2631,7.276239651953232e-05
2632,0.09612273001984663
2633,0.9999557337156999
2634,0.9997567386938943
2635,0.9999875143925946
2636,0.9990102131980821
2637,0.9987402804168414
2638,0.9997651359430425
2639,0.22340741750158344
2640,0.9705407494098345
2641,0.9655673111017721
2642,3.3322388603386882e-06
2643,0.008955483488558817
2644,0.9999982871559829
2645,0.9919285374111476
2646,0.2590662651658733
2647,0.8416659009152113
2648,0.00017631882488355696
2649,0.032323110964664205
2650,7.45756887304721e-05
2651,7.729133861723163e-07
2652,0.0013008057448827739
2653,0.9263953631350639
2654,0.9947574232259102
2655,0.02884845164896475
2656,0.9999627283642428
2657,0.005541606182397945
2658,0.9959349753847747
2659,0.0038224637729184457
2660,0.9999340962159748
2661,3.314333153799161e-11
2662,0.0003760371143879152
2663,0.00011907713890410652
2664,0.004387206561340015
2665,0.9990169305601254
2666,0.003559915869020538
2667,2.0552639329931974e-07
2668,0.0048764969816201455
2669,1.9777634074261086e-07
2670,0.9994490747925464
2671,0.9999084865148945
2672,0.999654324819579
2673,0.9999998636925359
2674,0.9999944229493852
2675,0.9999508568382257
2676,0.9720243120056351
2677,0.9954941108401393
2678,1.4071007938321627e-06
2679,0.000550278127788799
2680,3.8436302993150625e-05
2681,0.9995362100620976
2682,0.3192473729539404
2683,0.8427650461845603
2684,0.990111920545645
2685,1.6617232086228505e-06
2686,3.7010182889946836e-06
2687,0.9990964611736749
2688,0.00015466734156169564
2689,0.9998349235177911
2690,0.9967753931956149
2691,0.9994717772042664
2692,0.00023905863974962635
2693,0.004384731194109637
2694,0.9925944595724624
2695,0.99997103118199
2696,0.7556601471789879
2697,0.9999990957620836
2698,1.6156067336244764e-09
2699,0.9994165009093927
2700,0.0016763518600394743
2701,0.9999418265773549
2702,0.3803615347416708
2703,0.999993376214979
2704,0.00016251637155679076
2705,0.00012512051418369301
2706,0.9998668233573145
2707,0.16479697840322355
2708,0.008548055300963572
2709,0.0014115416362791276
2710,0.00010617140893312441
2711,4.034553237081311e-05
2712,0.9995696745860796
2713,7.727004704996872e-05
2714,2.3444504556257004e-07
2715,0.9999381578511655
2716,0.9951543840607693
2717,0.9998950814716371
2718,0.9999425791986747
2719,0.9984542906431183
2720,0.979465805772549
2721,0.08085362774364023
2722,0.9999342586145523
2723,0.9833399572310108
2724,2.0805399336225015e-07
2725,0.0008684765414311137
2726,5.8821608041085524e-05
2727,3.400841976810853e-07
2728,0.1549675985879966
2729,4.212678278595941e-05
2730,1.5855698071862613e-07
2731,0.04456902294213537
2732,0.9999969890291601
2733,0.9795586909391548
2734,0.9995683025578835
2735,0.9520769639763762
2736,0.9999997600065217
2737,5.790323110962995e-06
2738,6.1014791448086446e-05
2739,0.3128954682200392
2740,0.9995978355516669
2741,0.9999925037712073
2742,0.9997908735589526
2743,0.9999931971227407
2744,0.015660590789151867
2745,0.9997592189297562
2746,7.157344652520676e-05
2747,0.9994746305882928
2748,0.9980726550980197
2749,1.2130933469363785e-06
2750,0.9213169044939008
2751,0.9819526661663518
2752,0.0075372266177109355
2753,5.243710377465078e-06
2754,0.9987589124500433
2755,0.9981068165165228
2756,0.9984881110905333
2757,0.0007443323584958299
2758,0.9999755575387121
2759,0.9982494879240054
2760,0.06681780903116422
2761,0.9982908797294705
2762,0.00012211856907309136
2763,0.00013462280878151595
2764,0.9999845365984941
2765,0.0003173616430079143
2766,0.9997551080921913
2767,0.0004717599935904663
2768,9.563263021861764e-06
2769,0.00041727504254014826
2770,0.0032286577598288806
2771,0.4564923832338231
2772,4.109630214225808e-05
2773,0.08220797830050856
2774,0.09149847774517197
2775,1.504242274907848e-05
2776,8.68552653380949e-05
2777,0.9996808032896625
2778,0.9999304536957029
2779,0.9992695257910111
2780,0.0008319769223440235
2781,0.9998722426226565
2782,0.9996543315881765
2783,2.7682940361638797e-07
2784,0.0002754180766766553
2785,1.943474834864812e-05
2786,0.9998222430286603
2787,0.8939130939184879
2788,0.00045849886619854795
2789,0.9960068638464835
2790,0.03658258719816389
2791,0.9984158979371035
2792,0.00029191156492438294
2793,0.9997765393032039
2794,0.9994055633405531
2795,0.9780538408003772
2796,0.8640702731389595
2797,0.0005006579056914973
2798,0.9783157474363184
2799,0.9999767677119038
2800,0.0004188543989002478
2801,0.0004789092626695496
2802,2.6121612346480023e-05
2803,0.9936806521558501
2804,0.9999969302130012
2805,0.0037623898399335633
2806,0.9967271517337757
2807,9.576256916531459e-05
2808,2.8661049773992242e-05
2809,0.9984902189710345
2810,0.9999187847305412
2811,0.9998755189114058
2812,0.4622636180674815
2813,0.19207252630867064
2814,0.9873863427917631
2815,0.00025670333983504725
2816,0.9998567261072073
2817,0.979413994627222
2818,0.0006735483354264429
2819,2.5757168681446904e-08
2820,0.9989312745681521
2821,2.8070001254466912e-05
2822,0.0025342133209352523
2823,0.9997793280583758
2824,0.9983605584365239
2825,0.998502155420935
2826,0.9983552305609643
2827,7.464723551739858e-06
2828,0.9210280080695931
2829,0.991039898155364
2830,0.29693307791149876
2831,7.237273176520635e-06
2832,0.9885422053626012
2833,2.3588036033949897e-05
2834,0.9258579932975042
2835,0.007670333485773323
2836,2.435624624911619e-08
2837,0.9715787092155567
2838,0.999312799925815
2839,0.985175179547676
2840,0.0002845688075682744
2841,5.882431683201073e-08
2842,0.0013820464905678182
2843,7.070030778913849e-07
2844,0.9654032168438572
2845,3.119188308556123e-05
2846,0.9998475552553571
2847,0.9998101228572646
2848,0.9994205370832432
2849,0.00908076551204026
2850,0.01987379651279266
2851,7.318881085656007e-06
2852,0.9989009893180231
2853,0.000130300817300886
2854,0.9990006118354318
2855,0.009869287818950157
2856,0.00021073645756067432
2857,9.726651630615534e-05
2858,7.613975031493128e-09
2859,0.9970455569628612
2860,0.004059739320911693
2861,0.9999402011349892
2862,0.9996247213241597
2863,0.9997662442833626
2864,0.004357005627570654
2865,0.5795499503905848
2866,0.9995716596828501
2867,0.9995358522489921
2868,0.0015408391181857863
2869,0.17664306648375314
2870,0.9999698383848195
2871,0.0017976511107897827
2872,0.9999995783653736
2873,0.9935723518891959
2874,3.2049045396673155e-07
2875,0.007013375546105562
2876,0.9977068012160293
2877,0.0017042186764050745
2878,0.9994739878746268
2879,0.9991532216204536
2880,0.9985035047657776
2881,0.0018060353484710041
2882,0.9995129516255733
2883,0.9999912776281874
2884,2.4521329011802436e-05
2885,1.84372534223864e-07
2886,0.9985822736400086
2887,0.0034520044218872034
2888,0.0007913797539976922
2889,0.9999574248120616
2890,0.9999519842805747
2891,0.9706571359147729
2892,0.9889277352021021
2893,0.9960661959025274
2894,0.0006985737918525924
2895,0.9997954887421011
2896,0.9999455458470673
2897,0.9996583718407344
2898,0.00025211161766588606
2899,0.9980961724361228
2900,0.22321042088891893
2901,0.9998622936452991
2902,0.9972014622441021
2903,0.999775798132154
2904,0.4956509237489314
2905,0.9997268541049059
2906,0.9985537263070122
2907,0.02705622958315348
2908,1.0793193754371777e-06
2909,0.4698041215395123
2910,0.9933633287034334
2911,6.729737836846535e-06
2912,0.9472179007988965
2913,3.6387442695691075e-07
2914,0.8911461088425002
2915,0.9992228879697518
2916,0.9998135229410354
2917,0.999714433681512
2918,0.9999364581637004
2919,0.9987173418431412
2920,0.00014385255573218323
2921,0.9997513446946099
2922,0.999965436230156
2923,0.9999725938057644
2924,0.00301357488602841
2925,0.9969300659749704
2926,0.9988523592077279
2927,4.300987739382136e-05
2928,4.308815518434088e-09
2929,6.488312329452619e-07
2930,0.9522702778364884
2931,0.9994047973624037
2932,0.26578940826741265
2933,0.0016442354224090391
2934,0.9996062793519973
2935,0.9835687570730792
2936,0.9999913747517155
2937,0.005945323034294374
2938,0.001674322736091701
2939,0.9990895922719161
2940,0.00034043499282624545
2941,0.013938717000780277
2942,0.9977706179282142
2943,1.899142987348644e-05
2944,0.0002361045818928051
2945,0.9912077937647622
2946,0.9999608853743646
2947,0.006620817490289381
2948,8.440260198937645e-07
2949,0.9987338819958264
2950,0.04352484326580948
2951,0.8224534175641103
2952,0.007492798274091695
2953,0.9989482981512595
2954,0.07373764600790508
2955,0.9993523803101627
2956,3.82549852145195e-09
2957,0.16745130348518167
2958,0.9998586836862101
2959,0.02132933279447349
2960,0.974943044153437
2961,0.0030714780162914043
2962,0.9996543849148167
2963,0.9996780507558825
2964,5.722956436123302e-05
2965,0.9981052085198213
2966,0.00015539620826813367
2967,0.9918269667719338
2968,0.9999039405075854
2969,9.672396259109016e-08
2970,0.9999920127518026
2971,0.9999653892146065
2972,0.0010558152318242823
2973,0.9919125898602686
2974,0.002151693934056405
2975,0.9999766832549879
2976,0.9966506041235688
2977,0.9938718740192121
2978,0.002167833120898437
2979,0.9958094105728893
2980,5.439380558910301e-06
2981,2.674859722856704e-07
2982,0.0004340086311610627
2983,0.9924211266397729
2984,0.999994013612108
2985,0.0061713560622935
2986,5.01796091488293e-05
2987,0.002293597108083126
2988,0.9989931479210917
2989,0.0003044733698355955
2990,1.313629689810218e-05
2991,0.9990069376539654
2992,0.9941211248208969
2993,0.014351392948032421
2994,0.99966983645849
2995,0.9987642661219728
2996,9.550148431694364e-05
2997,0.9755665933581427
2998,0.5796508440130256
2999,0.9976193585294525
3000,0.6847928194887762
3001,0.000527751431310049
3002,0.9999485638904065
3003,0.9981081293643775
3004,0.9727290173117822
3005,0.999986312095449
3006,0.999644827026293
3007,0.9999903244904359
3008,2.6457583925841043e-07
3009,0.020327290865424494
3010,0.0017884795058911577
3011,4.849054082886526e-05
3012,0.9997260206527009
3013,3.0150575919536124e-09
3014,0.9981883873337496
3015,0.999496202554608
3016,0.0023807614691318765
3017,0.999680483503663
3018,0.9908024625788715
3019,0.997070976470915
3020,0.00019897434614012964
3021,0.9999414006721515
3022,0.9999993491688982
3023,0.9968868560471174
3024,0.028149989719333614
3025,0.9864311412549709
3026,0.9992424308180534
3027,0.00768256198706884
3028,0.000688700045301033
3029,0.001912068772743161
3030,0.9994785769015636
3031,0.9999796202629673
3032,0.0018693003852215222
3033,0.0016496686677938788
3034,0.0002736873714820853
3035,0.9999186839681811
3036,1.617734815116204e-05
3037,0.027099468327416915
3038,0.9909211129365048
3039,0.9983924429631699
3040,0.9949238740306202
3041,0.9994271276529905
3042,0.0015115274717862105
3043,0.692990088569136
3044,0.0025045526793808824
3045,0.022276842892364285
3046,0.9999929379914567
3047,0.9899336665958899
3048,0.0031756047929661357
3049,0.9995640616948559
3050,0.9990790635059602
3051,0.9245934456449524
3052,0.8956977617674364
3053,0.9910523444990945
3054,0.0008685368517019799
3055,0.0016111235642328981
3056,0.9932756961629302
3057,0.00029740023217756235
3058,0.0015476363647563666
3059,0.06009900902643729
3060,0.9955067713635393
3061,0.0007570193649617398
3062,0.9883478921610221
3063,0.00018517464996993638
3064,8.731291466098403e-07
3065,0.9973121472409546
3066,5.06593621907261e-06
3067,0.9998830364912171
3068,2.1428302529195235e-07
3069,0.9999565347340539
3070,0.9952031443853184
3071,0.9959815764040963
3072,6.940787258692349e-05
3073,0.003306565390311786
3074,0.9998932087481182
3075,0.9943180561041014
3076,0.9998333068084008
3077,0.08184442025896244
3078,4.0331948120228275e-07
3079,0.9999689423631196
3080,0.8956303171969211
3081,0.9978211128632967
3082,0.00015802041461687868
3083,2.5083706569252565e-07
3084,0.00345893914537319
3085,0.00029280107390656737
3086,0.9999873133338301
3087,0.00103039286382682
3088,0.0004796143150115852
3089,6.805275483030494e-07
3090,0.0010419178793644526
3091,0.9999984839781727
3092,0.9940404233989308
3093,6.735102074492428e-08
3094,0.7864946856800887
3095,0.0029053689579981957
3096,0.9838314319363698
3097,0.0002545357508457106
3098,0.9981996149145358
3099,0.9993990539389286
3100,0.9984315743220924
3101,0.007310963212806585
3102,0.9994273328873493
3103,0.0003284749220641902
3104,0.9997209853029128
3105,0.0019145131975905536
3106,0.000543034667829661
3107,0.18959378409017966
3108,0.3787170273953311
3109,0.00838854214058201
3110,0.005101642018689053
3111,0.9990402179911191
3112,0.9945011523822337
3113,0.9966350741883571
3114,0.9461395003028475
3115,0.004437178794537003
3116,5.5557167180757495e-05
3117,0.9999048733088279
3118,0.990093113955453
3119,0.004949900234094113
3120,0.9992571209219452
3121,0.0017381355790871717
3122,0.012357159584675065
3123,0.00021837836568314032
3124,0.9999962669251709
3125,0.9582983078157622
3126,2.2401029773972406e-07
3127,0.999987072980321
3128,0.9998861970612348
3129,1.212454043109749e-06
3130,0.9828227888084099
3131,0.9776841178062348
3132,0.3049867433930743
3133,0.0019304413997369768
3134,0.9952076680417703
3135,0.9677561927078409
3136,0.9978536710984361
3137,0.9999786479078199
3138,0.006649285569767633
3139,0.1075651895001053
3140,0.9994490245969508
3141,3.950406579573478e-06
3142,0.9961773782249572
3143,0.9998531308161462
3144,0.002206567714670578
3145,0.9998410454878585
3146,0.999923741922248
3147,0.9955753710556655
3148,0.9998813442302765
3149,0.9924940679626739
3150,0.0010468151274750036
3151,0.9998919743478735
3152,1.551182670417714e-05
3153,1.2546799219686964e-05
3154,0.9997008177877961
3155,0.03219806482261832
3156,0.9031755363062776
3157,0.9991505670784184
3158,0.010094263304478799
3159,2.474725540463077e-05
3160,0.0006587962770413949
3161,1.257543893383751e-05
3162,0.0006899382729463524
3163,0.9996738995691752
3164,0.0002861946697852933
3165,0.9988410405921491
3166,0.42867909526697295
3167,0.0001642835438413385
3168,0.009032277883472196
3169,0.18987021263333642
3170,0.9985697342612132
3171,0.9996760270250188
3172,0.9996117978662242
3173,0.9994567476179109
3174,0.9999876394283883
3175,4.588299048691937e-05
3176,0.9996937768543425
3177,0.9982141452246631
3178,0.0002477435296384346
3179,0.9604580192749733
3180,0.9969699412813777
3181,0.0057768369292223514
3182,0.00016370208163263305
3183,0.9984788576597392
3184,0.04482915112244646
3185,0.9831503987552571
3186,0.0008009016116859333
3187,0.00295100514923965
3188,2.2528484722583923e-07
